<?xml version="1.0" encoding="UTF-8"?>
<PeakList>
  <PeakList1D>
    <PeakList1DHeader creator="nmr" date="2021-03-01T17:47:03.458+01:00" expNo="10" name="VLL-084" owner="" procNo="1" source="/opt/topspin3.5pl6/data/complat/nmr/data/ALL/data/VLL/nmr">
      <PeakPickDetails>F1=15.920040ppm, F2=-4.105501ppm, MI=0.00cm, MAXI=10000.00cm, PC=1.000
      </PeakPickDetails>
    </PeakList1DHeader>
    <Peak1D F1="12.798927" intensity="2.157940e-03" type="0"/>
    <Peak1D F1="12.191604" intensity="2.074726e-03" type="0"/>
    <Peak1D F1="11.432676" intensity="2.115503e-03" type="0"/>
    <Peak1D F1="10.562228" intensity="2.493349e-03" type="0"/>
    <Peak1D F1="10.536148" intensity="2.298289e-03" type="0"/>
    <Peak1D F1="10.520319" intensity="2.505596e-03" type="0"/>
    <Peak1D F1="10.478585" intensity="3.040843e-02" type="0"/>
    <Peak1D F1="10.279768" intensity="1.021760e-01" type="0"/>
    <Peak1D F1="10.250907" intensity="5.255809e+00" type="0"/>
    <Peak1D F1="10.221045" intensity="2.984131e-02" type="0"/>
    <Peak1D F1="10.017499" intensity="2.916851e-02" type="0"/>
    <Peak1D F1="9.827910" intensity="2.200671e-03" type="0"/>
    <Peak1D F1="8.418842" intensity="2.149074e-03" type="0"/>
    <Peak1D F1="8.387964" intensity="2.195118e-03" type="0"/>
    <Peak1D F1="8.349163" intensity="1.111036e-02" type="0"/>
    <Peak1D F1="8.329044" intensity="1.234495e-02" type="0"/>
    <Peak1D F1="8.275923" intensity="1.453890e-02" type="0"/>
    <Peak1D F1="8.240946" intensity="3.156920e-02" type="0"/>
    <Peak1D F1="8.220353" intensity="4.173239e-02" type="0"/>
    <Peak1D F1="8.146777" intensity="1.409646e+00" type="0"/>
    <Peak1D F1="8.145044" intensity="1.444487e+00" type="0"/>
    <Peak1D F1="8.126001" intensity="1.537107e+00" type="0"/>
    <Peak1D F1="8.124071" intensity="1.561073e+00" type="0"/>
    <Peak1D F1="8.038864" intensity="1.387165e+00" type="0"/>
    <Peak1D F1="8.017983" intensity="1.639255e+00" type="0"/>
    <Peak1D F1="7.966460" intensity="2.141869e-02" type="0"/>
    <Peak1D F1="7.916277" intensity="4.760437e-02" type="0"/>
    <Peak1D F1="7.853804" intensity="7.836694e-01" type="0"/>
    <Peak1D F1="7.850514" intensity="8.429861e-01" type="0"/>
    <Peak1D F1="7.836367" intensity="1.195856e+00" type="0"/>
    <Peak1D F1="7.833121" intensity="1.576520e+00" type="0"/>
    <Peak1D F1="7.815585" intensity="9.240809e-01" type="0"/>
    <Peak1D F1="7.812187" intensity="9.012000e-01" type="0"/>
    <Peak1D F1="7.766938" intensity="1.015569e+00" type="0"/>
    <Peak1D F1="7.764102" intensity="1.059127e+00" type="0"/>
    <Peak1D F1="7.746374" intensity="1.462545e+00" type="0"/>
    <Peak1D F1="7.728759" intensity="6.144172e-01" type="0"/>
    <Peak1D F1="7.726006" intensity="6.044885e-01" type="0"/>
    <Peak1D F1="7.688190" intensity="2.809974e-03" type="0"/>
    <Peak1D F1="7.647762" intensity="6.067242e-03" type="0"/>
    <Peak1D F1="7.627558" intensity="7.293636e-03" type="0"/>
    <Peak1D F1="7.607321" intensity="3.658342e-03" type="0"/>
    <Peak1D F1="7.560835" intensity="4.911703e-03" type="0"/>
    <Peak1D F1="7.542512" intensity="6.796333e-03" type="0"/>
    <Peak1D F1="7.522786" intensity="4.249779e-03" type="0"/>
    <Peak1D F1="7.451457" intensity="7.377273e-03" type="0"/>
    <Peak1D F1="7.380900" intensity="2.146807e-03" type="0"/>
    <Peak1D F1="7.361843" intensity="2.920298e-03" type="0"/>
    <Peak1D F1="7.340138" intensity="2.930661e-03" type="0"/>
    <Peak1D F1="7.326433" intensity="4.792133e-03" type="0"/>
    <Peak1D F1="7.283644" intensity="7.554669e-03" type="0"/>
    <Peak1D F1="7.192524" intensity="1.252568e+00" type="0"/>
    <Peak1D F1="6.928513" intensity="6.329923e-03" type="0"/>
    <Peak1D F1="6.176222" intensity="2.523538e-03" type="0"/>
    <Peak1D F1="6.145367" intensity="2.523257e-03" type="0"/>
    <Peak1D F1="5.487547" intensity="4.424240e-03" type="0"/>
    <Peak1D F1="5.353878" intensity="2.387189e-03" type="0"/>
    <Peak1D F1="5.226428" intensity="2.206783e-02" type="0"/>
    <Peak1D F1="4.766978" intensity="2.177402e-03" type="0"/>
    <Peak1D F1="4.205741" intensity="2.115012e-03" type="0"/>
    <Peak1D F1="4.056847" intensity="3.033483e-03" type="0"/>
    <Peak1D F1="4.038413" intensity="3.418067e-03" type="0"/>
    <Peak1D F1="4.020399" intensity="2.805233e-03" type="0"/>
    <Peak1D F1="3.607800" intensity="2.935982e-03" type="0"/>
    <Peak1D F1="3.592181" intensity="2.549197e-03" type="0"/>
    <Peak1D F1="3.573854" intensity="2.803825e-03" type="0"/>
    <Peak1D F1="3.417463" intensity="2.591185e-03" type="0"/>
    <Peak1D F1="3.377628" intensity="2.198402e-03" type="0"/>
    <Peak1D F1="3.335900" intensity="2.394058e-03" type="0"/>
    <Peak1D F1="3.324864" intensity="2.461930e-03" type="0"/>
    <Peak1D F1="3.293175" intensity="2.604679e-03" type="0"/>
    <Peak1D F1="3.267247" intensity="2.765612e-03" type="0"/>
    <Peak1D F1="3.242546" intensity="2.930371e-03" type="0"/>
    <Peak1D F1="3.140089" intensity="1.053179e-01" type="0"/>
    <Peak1D F1="3.104969" intensity="6.707345e-02" type="0"/>
    <Peak1D F1="2.980216" intensity="1.500000e+01" type="0"/>
    <Peak1D F1="2.921626" intensity="2.221259e-02" type="0"/>
    <Peak1D F1="2.886063" intensity="1.652083e-02" type="0"/>
    <Peak1D F1="2.874728" intensity="1.630297e-02" type="0"/>
    <Peak1D F1="2.845318" intensity="1.941488e-02" type="0"/>
    <Peak1D F1="2.831254" intensity="1.591944e-02" type="0"/>
    <Peak1D F1="2.816897" intensity="9.199116e-02" type="0"/>
    <Peak1D F1="2.777322" intensity="1.050290e-02" type="0"/>
    <Peak1D F1="2.757679" intensity="9.927939e-03" type="0"/>
    <Peak1D F1="2.750384" intensity="9.552927e-03" type="0"/>
    <Peak1D F1="2.687978" intensity="7.584070e-03" type="0"/>
    <Peak1D F1="2.654031" intensity="6.296183e-03" type="0"/>
    <Peak1D F1="2.620248" intensity="5.825144e-03" type="0"/>
    <Peak1D F1="2.519121" intensity="5.281979e-03" type="0"/>
    <Peak1D F1="2.502829" intensity="3.977811e-03" type="0"/>
    <Peak1D F1="2.480211" intensity="3.360010e-03" type="0"/>
    <Peak1D F1="2.412933" intensity="3.679592e-03" type="0"/>
    <Peak1D F1="2.392567" intensity="3.691866e-03" type="0"/>
    <Peak1D F1="2.362233" intensity="3.250203e-03" type="0"/>
    <Peak1D F1="2.346892" intensity="4.100746e-03" type="0"/>
    <Peak1D F1="2.321799" intensity="4.336567e-03" type="0"/>
    <Peak1D F1="2.301088" intensity="4.115818e-03" type="0"/>
    <Peak1D F1="2.281576" intensity="3.818257e-03" type="0"/>
    <Peak1D F1="2.266949" intensity="3.410936e-03" type="0"/>
    <Peak1D F1="2.215806" intensity="2.467086e-03" type="0"/>
    <Peak1D F1="2.167063" intensity="3.380524e-03" type="0"/>
    <Peak1D F1="2.132510" intensity="2.499209e-03" type="0"/>
    <Peak1D F1="2.113061" intensity="2.379796e-03" type="0"/>
    <Peak1D F1="2.079749" intensity="2.644628e-03" type="0"/>
    <Peak1D F1="2.061452" intensity="3.575223e-03" type="0"/>
    <Peak1D F1="2.045684" intensity="3.005312e-03" type="0"/>
    <Peak1D F1="2.021623" intensity="2.304418e-03" type="0"/>
    <Peak1D F1="1.971341" intensity="1.508277e-02" type="0"/>
    <Peak1D F1="1.964006" intensity="1.120770e-02" type="0"/>
    <Peak1D F1="1.874642" intensity="2.675026e-03" type="0"/>
    <Peak1D F1="1.802891" intensity="2.525667e-03" type="0"/>
    <Peak1D F1="1.772570" intensity="2.707899e-03" type="0"/>
    <Peak1D F1="1.698169" intensity="3.143373e-03" type="0"/>
    <Peak1D F1="1.683270" intensity="2.961183e-03" type="0"/>
    <Peak1D F1="1.665209" intensity="3.502185e-03" type="0"/>
    <Peak1D F1="1.630858" intensity="3.622571e-03" type="0"/>
    <Peak1D F1="1.567805" intensity="4.811514e-03" type="0"/>
    <Peak1D F1="1.540189" intensity="5.604393e-03" type="0"/>
    <Peak1D F1="1.524387" intensity="5.906552e-03" type="0"/>
    <Peak1D F1="1.509975" intensity="6.662379e-03" type="0"/>
    <Peak1D F1="1.490093" intensity="8.112693e-03" type="0"/>
    <Peak1D F1="1.477406" intensity="1.126128e-02" type="0"/>
    <Peak1D F1="1.460050" intensity="1.210140e-02" type="0"/>
    <Peak1D F1="1.430101" intensity="1.235517e-02" type="0"/>
    <Peak1D F1="1.414292" intensity="1.356197e-02" type="0"/>
    <Peak1D F1="1.385280" intensity="1.278771e-02" type="0"/>
    <Peak1D F1="1.368216" intensity="1.288532e-02" type="0"/>
    <Peak1D F1="1.349391" intensity="2.186526e-02" type="0"/>
    <Peak1D F1="1.261900" intensity="4.682611e-02" type="0"/>
    <Peak1D F1="1.211088" intensity="6.636612e-02" type="0"/>
    <Peak1D F1="1.179135" intensity="3.065476e-01" type="0"/>
    <Peak1D F1="1.143204" intensity="3.142898e-02" type="0"/>
    <Peak1D F1="1.105933" intensity="1.257074e-02" type="0"/>
    <Peak1D F1="1.023005" intensity="1.154927e-02" type="0"/>
    <Peak1D F1="1.005361" intensity="1.029607e-02" type="0"/>
    <Peak1D F1="0.990797" intensity="1.061148e-02" type="0"/>
    <Peak1D F1="0.975416" intensity="9.030926e-03" type="0"/>
    <Peak1D F1="0.915449" intensity="5.377588e-03" type="0"/>
    <Peak1D F1="0.897903" intensity="5.226690e-03" type="0"/>
    <Peak1D F1="0.820418" intensity="2.127373e-02" type="0"/>
    <Peak1D F1="0.805494" intensity="3.066270e-02" type="0"/>
    <Peak1D F1="0.787383" intensity="2.353357e-02" type="0"/>
    <Peak1D F1="0.770013" intensity="2.501834e-02" type="0"/>
    <Peak1D F1="0.759300" intensity="2.262964e-02" type="0"/>
    <Peak1D F1="0.735480" intensity="1.047158e-02" type="0"/>
    <Peak1D F1="0.709085" intensity="4.553400e-03" type="0"/>
    <Peak1D F1="0.676951" intensity="4.353965e-03" type="0"/>
    <Peak1D F1="0.658253" intensity="4.463006e-03" type="0"/>
    <Peak1D F1="0.638889" intensity="5.709128e-03" type="0"/>
    <Peak1D F1="0.625744" intensity="2.688108e-03" type="0"/>
    <Peak1D F1="-0.000151" intensity="1.980519e-02" type="0"/>
  </PeakList1D>
</PeakList>
